sleep_hours,stress_level,weather_pressure,heart_rate,hormonal_level,migraine_occurred,activity_minutes,hydration_level,screen_time_hours
7.496714153011233,9,1015.9307247329868,62.845040272367896,4.961967584194622,1,66,83.2289486557486,5.681054500503112
6.861735698828816,5,1005.8564858197363,71.12612741707,2.9949412707243823,0,104,44.72691791548391,3.923016559960518
7.6476885381006925,1,1031.6577451114476,85.13528919349298,4.96297372801522,0,108,58.78045015260265,3.1130402150294225
8.523029856408025,3,1017.7383292091179,69.33864427504976,4.422682722159724,0,17,37.91799527786028,4.165311918890064
6.765846625276664,10,1001.0869650279735,78.55055542516983,5.645437120676179,0,110,99.95512235264418,3.6181770172233145
6.765863043050819,8,1019.5655360863383,81.19707242743469,3.345538112895354,1,99,99.75988191527402,4.625948303633703
8.579212815507391,6,1003.2531832977268,67.58455622737533,6.038693028482345,1,110,79.39924101299476,1.6114591463084946
7.7674347291529084,8,1020.8708460374245,74.5237971515056,8.065477826005155,1,85,54.81072893630453,4.554363158717493
6.530525614065048,9,1024.585955790074,49.06986127944742,4.782479703086285,0,33,105.84817408327486,2.5633931676585027
7.542560043585965,4,1004.7931768164829,66.80489886932568,5.8034234441978825,1,110,60.93378282802432,5.811775222981006
6.536582307187538,1,1022.6337612924432,72.97945478885472,6.380287983422225,0,7,66.80189309642253,2.655064301258969
6.5342702464297435,1,1017.127809269365,65.01773454428121,4.197559056228328,1,39,72.39300108596083,2.689780465618136
7.241962271566035,10,1021.2206015999449,88.05929043145308,5.448184963620833,0,112,76.77273913028455,4.890797648823481
5.086719755342202,4,1031.9679298265394,63.55886897631494,5.02518480156359,0,107,79.65703902556477,4.028423777632394
5.275082167486968,7,1010.5461188399713,71.47964410642413,5.195352197097663,0,82,80.25942456211676,8.553303252797676
6.437712470759028,2,1005.4626383564251,76.04592461828874,3.4539804322890673,1,41,67.83213871969143,0.7413947788914954
5.987168879665576,3,1004.1048557037448,86.53018631252893,5.049020348517885,1,40,80.02151427635069,4.219705893909489
7.314247332595274,1,1004.8418971503456,63.51310279056449,5.995996582490899,1,100,67.16188510756484,6.259298969944742
6.091975924478789,5,1012.228982905859,84.30531001723968,7.902287215590084,1,5,78.6895515530833,2.8433721541453982
5.587696298664708,1,1016.4115197481665,75.0818644881567,6.918541652170414,0,51,77.45937666746163,2.17888431052024
8.465648768921554,8,1015.7669079933002,67.14793079161639,9.306364915023114,1,25,81.44270936197181,2.2582707047073427
6.774223699513464,1,1021.2718324903602,78.69682779410617,3.465304874223901,1,63,79.56950048531448,0.7760776406998309
7.067528204687924,1,1013.1300189187791,76.59247756458777,6.744641273441356,0,97,63.36351437633054,6.69940925462139
5.575251813786544,2,1027.5353407715731,70.19826498272964,5.366684011476703,0,58,76.88065257338519,3.3407653163871833
6.455617275474817,2,1010.3534316676204,75.55841667992016,9.379605866435345,0,55,79.8009960687233,3.103945720399539
7.110922589709866,6,1040.201691665896,71.91749122510592,3.383403429289697,1,58,50.63313416576941,-0.24819614866034723
5.849006422577697,7,1019.2566734776501,75.90813876200998,3.3205563156384477,0,108,65.88933464153456,1.1325828550762305
7.3756980183456715,5,1004.4284244358372,80.29704539616837,3.8012147091119557,0,69,79.121708368275,6.930779511038188
6.399361310081195,1,1002.2910750193889,87.68813452916282,0.7522085513803862,0,100,95.63938742094433,4.606211332201157
6.708306250206723,1,1017.8247241524318,65.0974760093852,3.948489956638478,1,32,82.37350279193102,6.333001659850212
6.398293387770603,3,1010.7653721467415,92.06426699725013,3.481734676892604,0,52,96.58566980466394,6.07998487965966
8.852278184508938,2,1020.1400049409209,59.38329760381998,5.300787572952415,1,21,64.02439914734578,1.998759438854119
6.986502775262066,5,1017.7323762457354,73.78571923971533,5.683511951554319,1,20,73.75285738371464,8.859695457307938
5.9422890710441,10,1012.2717108734313,79.70653765187662,8.752341678431772,0,69,82.08602949289177,7.899465191202459
7.822544912103189,6,1004.5320628193159,77.24793494188026,6.9008476763721,0,69,35.104724297503346,2.8724671157539294
5.779156350028978,7,997.8515277531413,70.01840384143524,3.8461926886751936,1,118,92.6620482717179,-3.136410598719764
7.208863595004756,4,1008.5348504793297,73.3350219971418,3.203170657303284,0,111,42.086351787180305,3.2869358201118466
5.040329876120224,7,1021.5639879432347,71.05599252272934,5.983838343013011,0,3,84.95410102417604,4.476592524242897
5.671813951101569,8,1015.1409374413021,70.2850819444463,2.3595335859587157,1,93,80.3024768581397,2.8645619304486187
7.1968612358691235,1,1000.5426122128802,81.7968167761682,8.662917531708707,1,74,34.90610496227671,3.5569558066305658
7.738466579995411,6,1014.7318092585118,77.85612388772037,7.358880241442574,0,61,35.66408114600504,2.342683927324411
7.17136828118997,8,1016.8531737972884,69.45672323791477,4.06164869579059,1,61,91.48722876178759,5.843269436707695
6.88435171761176,5,1004.1614256379887,82.19679900346601,1.5737309418182441,0,93,88.22083089529822,4.12726648073711
6.698896304410711,4,1014.5372510594552,77.45839616701288,7.707744748330827,0,94,56.78704533267609,5.903028125885908
5.521478009632572,2,1013.58208718446,81.50289695071169,4.770920309494764,0,23,56.771816574339034,6.444406692415875
6.280155791605291,6,1001.5702970216938,80.0370307353889,7.4756326239469235,1,54,77.68907458564331,-0.3486471281732948
6.539361229040212,6,1016.5778736034829,68.36803991262342,1.8111446824112658,0,8,69.80883774267447,2.458955578331794
8.057122226218915,1,1018.6078452636823,70.51855167842425,3.8012499540924543,0,118,85.81592823773671,2.751941412718913
7.343618289568461,9,1023.8305124317528,80.9783488409861,5.010487399436366,0,2,77.1937138664963,9.142744719377566
5.236959844637266,6,1023.538020520349,79.88296212346772,5.093961187529484,1,114,93.74546190934802,4.298010733800648
7.3240839693947954,3,999.2233063204291,74.83278724828682,4.099869057041513,1,30,84.5511666687059,5.625121192726128
6.6149177195836835,4,1003.6217496008487,75.93861906647025,6.2456998646949975,1,39,80.81159573710866,0.23861646145097737
6.323077999694041,4,1018.1503526720866,85.2213191663074,2.8647591412348112,1,100,64.71812919544489,4.286430904995043
7.611676288840868,3,1018.1378595091221,70.26742888931336,4.715241029957413,1,35,63.62018148757233,5.956585964232516
8.03099952249595,10,1018.1504768630605,79.3767790493603,5.240591263423798,0,23,69.22361522942049,5.723930170120312
7.931280119116199,3,1051.5273149065472,73.38245878052885,6.028877668117498,1,94,97.61414604905812,5.2467988778327035
6.160782476777362,3,1018.7089051069316,73.25855037418224,6.423229756177779,1,5,63.905879059153236,4.0260010129902515
6.690787624148785,4,1024.355656401806,83.79021481589753,2.750715816324262,1,65,73.90793480611023,4.123137241250902
7.331263431403564,7,1022.540017634932,81.60333079190424,1.9317716585287554,0,83,36.32795638439036,0.6134676505804211
7.975545127122359,4,1019.513912513058,81.50807708800511,7.555353643797018,1,91,80.1371309506612,2.1989342296257126
6.52082576215471,9,1009.8473075535966,85.44383045723464,5.6646280239591835,1,74,103.85797421639708,4.461887912776327
6.8143410233361825,1,1020.5896922049327,75.16803073306207,3.5030269268868928,0,3,55.99542836105613,2.5680483861475887
5.893665025993972,8,1005.2717478546243,80.45562377035971,8.102303951045046,1,78,117.61663205690138,5.37767649406557
5.803793375919329,7,1010.6318139325999,72.51786594725235,5.231349268585717,0,5,72.7336090698498,4.933565100529725
7.812525822394198,2,1008.146364521709,77.59333081990754,7.358594368127653,0,117,31.40603137923484,6.734740509443988
8.356240028570824,8,1013.8187413938632,73.95885556505853,5.135036962820218,0,112,64.21692640048133,5.916507652305142
6.927989878419666,1,1036.146585666735,75.77596771994175,9.121495849763974,0,93,89.95657844903624,4.454522818269136
8.003532897892024,9,994.3273480740825,79.76125620349531,8.510681684886409,0,119,99.98975809374706,5.495960868123832
7.361636025047634,9,1019.8626019037451,68.45423453413223,4.502071703041853,1,101,80.77147822377525,6.010204324599312
6.354880245394876,2,996.8728412881035,91.73909820548369,6.943141901908711,0,50,93.51391631318452,2.9851254281840354
7.361395605508414,7,1008.2806813421057,66.95186094800238,6.290751899170295,0,61,52.333216877614696,3.341338003360396
8.53803656646597,10,1023.8895059696737,65.28649109769815,7.737263115064698,1,56,59.79607619209138,3.8063479252131787
6.964173960890048,3,1013.6428001909546,84.26488698800054,3.070153078839791,0,65,44.80811076997314,3.0489389116713013
8.564643655814006,7,1002.2225522207069,81.33330155170349,6.372102919996879,1,78,60.92405386012145,6.031373890126968
4.380254895910255,10,1005.8469629074003,79.99295853641723,7.116848973699176,1,74,81.428784796535,2.7453789166453917
7.821902504375224,9,1019.7959774893468,80.02676407411424,1.4825210271537714,1,7,73.18983643574529,6.503302942799649
7.087047068238172,4,1005.6963336828286,74.90202581722468,2.63348297466845,0,25,83.01773554994773,3.2660536022392344
6.7009926495341325,1,1015.1645858958198,67.82196502811335,0.9215356444797989,0,50,55.952289737548945,4.944793285678717
7.091760776535502,2,1013.4557183990381,75.6064364655498,4.461186331110885,0,44,56.867124597822,4.332830297525777
5.012431085399108,1,1006.4839965239419,69.58270630790311,6.435084511591924,1,43,73.06915314287369,2.048040383416666
6.780328112162488,5,1034.4394408932533,82.800957867342,8.004714104192056,0,4,60.96028292042027,3.960220541018419
7.357112571511746,5,1019.3391902231801,73.82354094798289,5.14818956083955,0,69,89.52773752240142,4.667287062901194
8.477894044741516,7,992.748574133424,68.39602242565991,8.257231091142584,0,25,60.588716734337844,3.8714146257790043
6.481729781726353,9,1014.8645431476942,72.42891326677605,2.2397970835702172,1,117,62.569161356031294,1.3145868829874323
6.191506397106813,9,1006.3821353523161,78.30345163420499,1.5932351212896907,1,67,76.2825912080273,7.4028584870523435
6.498242956415464,3,1021.5243333479623,70.4902035775682,4.888904602206763,0,18,64.16067712408761,4.175398965723472
7.915402117702074,3,1005.074792615673,68.42223683546855,5.768130897878614,0,83,51.4758340969388,2.4113948496729565
7.3287511096596845,3,1011.852635585331,76.94949769193529,4.934610503811814,0,96,53.50966262751867,7.241536046934549
6.470239796232962,4,1018.0498727898046,76.95973256886978,0.8651157999202468,0,19,78.06648937610433,5.234779619440651
7.513267433113356,8,1021.6575519417012,70.94445459703095,4.821759920974423,1,112,49.6193272815691,1.599660007196781
7.0970775493480405,6,1000.9970359294423,71.23169355505341,2.3910609989902936,1,11,90.95746641323217,1.9110105072002428
7.968644990532889,8,1009.6549876415905,76.8563994988611,6.339345097660077,1,46,59.64401073547375,3.5552105602243156
6.297946906122648,1,1008.2505468883904,63.415325268021405,5.733196492193697,1,0,79.2432372545209,4.594613957699645
6.672337853402232,8,1006.4667076742629,63.740289804987555,3.1202404273452897,0,89,60.54381063955549,5.245599662927844
6.607891846867842,4,1030.6545424028109,69.2524462299805,3.972266165326613,0,13,56.27137930005453,5.900356959057135
5.536485051867881,1,1017.0498171096095,73.29242278630522,2.881572956222097,0,63,73.69155523435273,5.079144812800285
7.296120277064576,8,1000.3911604566496,77.48726052478403,4.874641805453656,1,37,85.7767520052385,6.693491957281991
7.261055272179889,4,1022.1786194705478,86.80284973559641,6.910284641002477,0,36,66.28948373709844,4.25358631936094
7.005113456642461,6,1034.2215619701262,81.86127698561616,3.0285479073289125,1,10,69.0178396936381,2.4807212390435556
6.765412866624852,8,1023.3246526055115,73.72049176029259,6.008093031035688,1,99,82.11126041624202,3.9932982606820526
